<application>
  <component name="IntentionManagerSettings">
    <ignoreAction name="Android/Add Parcelable Implementation" />
    <ignoreAction name="Android/Add activity to manifest" />
    <ignoreAction name="Android/Add broadcast receiver to manifest" />
    <ignoreAction name="Android/Add library dependency" />
    <ignoreAction name="Android/Add service to manifest" />
    <ignoreAction name="Android/Convert to data binding layout" />
    <ignoreAction name="Android/Create onClick event handler" />
    <ignoreAction name="Android/Extract color resource" />
    <ignoreAction name="Android/Extract dimension resource" />
    <ignoreAction name="Android/Extract string resource" />
    <ignoreAction name="Android/Override Resource in Other Configuration..." />
    <ignoreAction name="Android/Remove Parcelable Implementation" />
    <ignoreAction name="Android/Replace Parcelable Implementation" />
    <ignoreAction name="Compose Android/Create Preview" />
    <ignoreAction name="Compose Android/Surround with widget" />
    <ignoreAction name="Groovy/Grab" />
    <ignoreAction name="Groovy/Closures/Make closure call explicit" />
    <ignoreAction name="Groovy/Closures/Make closure call implicit" />
    <ignoreAction name="Groovy/Closures/Replace each with for-in" />
    <ignoreAction name="Groovy/Closures/Replace for-in with each" />
    <ignoreAction name="Groovy/Comments/Replace with C-style comment" />
    <ignoreAction name="Groovy/Control flow/Add constructor parameter for field" />
    <ignoreAction name="Groovy/Control flow/DeMorgan's law" />
    <ignoreAction name="Groovy/Control flow/Expand boolean" />
    <ignoreAction name="Groovy/Control flow/Flip comparison operands" />
    <ignoreAction name="Groovy/Control flow/Flip conditional" />
    <ignoreAction name="Groovy/Control flow/Flip conjunction operands" />
    <ignoreAction name="Groovy/Control flow/Flip if statements" />
    <ignoreAction name="Groovy/Control flow/Invert 'if' condition" />
    <ignoreAction name="Groovy/Control flow/Merge else if" />
    <ignoreAction name="Groovy/Control flow/Merge nested ifs to and-ed condition" />
    <ignoreAction name="Groovy/Control flow/Negate comparison" />
    <ignoreAction name="Groovy/Control flow/Remove redundant 'else' keyword" />
    <ignoreAction name="Groovy/Control flow/Replace ''?:'' with if else" />
    <ignoreAction name="Groovy/Control flow/Replace if-statement with ternary operator" />
    <ignoreAction name="Groovy/Control flow/Simplify conditional expression" />
    <ignoreAction name="Groovy/Control flow/Split else if" />
    <ignoreAction name="Groovy/Control flow/Split into 2 'if' statements" />
    <ignoreAction name="Groovy/Declaration/Create field for parameter" />
    <ignoreAction name="Groovy/Declaration/Declare explicit type" />
    <ignoreAction name="Groovy/Declaration/Implement abstract class or interface" />
    <ignoreAction name="Groovy/Declaration/Introduce local variable" />
    <ignoreAction name="Groovy/Declaration/Make 'private'" />
    <ignoreAction name="Groovy/Declaration/Make 'protected'" />
    <ignoreAction name="Groovy/Declaration/Make 'public'" />
    <ignoreAction name="Groovy/Declaration/Remove explicit type declaration" />
    <ignoreAction name="Groovy/Expression conversions/Break string on '\n'" />
    <ignoreAction name="Groovy/Expression conversions/Cast to char" />
    <ignoreAction name="Groovy/Expression conversions/Convert GString to String" />
    <ignoreAction name="Groovy/Expression conversions/Convert JUnit assertion to assert statement" />
    <ignoreAction name="Groovy/Expression conversions/Convert [] form to index method" />
    <ignoreAction name="Groovy/Expression conversions/Convert cast expression to safe cast expression" />
    <ignoreAction name="Groovy/Expression conversions/Convert groovy native map to class instances" />
    <ignoreAction name="Groovy/Expression conversions/Convert indexing method to [] form" />
    <ignoreAction name="Groovy/Expression conversions/Convert java-style array creation to groovy syntax" />
    <ignoreAction name="Groovy/Expression conversions/Convert literal to multiline literal" />
    <ignoreAction name="Groovy/Expression conversions/Convert method to property of closure type" />
    <ignoreAction name="Groovy/Expression conversions/Convert multiline string to single-line" />
    <ignoreAction name="Groovy/Expression conversions/Convert property to method" />
    <ignoreAction name="Groovy/Expression conversions/Convert simple getter to property" />
    <ignoreAction name="Groovy/Expression conversions/Convert string concatenation to GString" />
    <ignoreAction name="Groovy/Expression conversions/Convert string literal to dollar-slashy string" />
    <ignoreAction name="Groovy/Expression conversions/Convert string literal to regular expression" />
    <ignoreAction name="Groovy/Expression conversions/Convert to @CompileStatic" />
    <ignoreAction name="Groovy/Expression conversions/Convert to Binary" />
    <ignoreAction name="Groovy/Expression conversions/Convert to Decimal" />
    <ignoreAction name="Groovy/Expression conversions/Convert to Hexadecimal" />
    <ignoreAction name="Groovy/Expression conversions/Convert to Octal" />
    <ignoreAction name="Groovy/Expression conversions/Move class to separate file" />
    <ignoreAction name="Groovy/Expression conversions/Remove unnecessary braces in GString" />
    <ignoreAction name="Groovy/Expression conversions/Remove unnecessary escape characters" />
    <ignoreAction name="Groovy/Expression conversions/Remove unnecessary parentheses from method call" />
    <ignoreAction name="Groovy/Expression conversions/Rename class to corresponding file name" />
    <ignoreAction name="Groovy/Expression conversions/Rename file to corresponding class name" />
    <ignoreAction name="Groovy/Expression conversions/Split variable declaration" />
    <ignoreAction name="Groovy/Groovy-style/Add explicit types for all parameters in method declaration" />
    <ignoreAction name="Groovy/Groovy-style/Add on demand static import" />
    <ignoreAction name="Groovy/Groovy-style/Add return type to method declaration" />
    <ignoreAction name="Groovy/Groovy-style/Add single-member static import" />
    <ignoreAction name="Groovy/Groovy-style/Change anonymous class to dynamic instantiation" />
    <ignoreAction name="Groovy/Groovy-style/Convert method or closure parameters to map entries" />
    <ignoreAction name="Groovy/Groovy-style/Format braces in separate lines" />
    <ignoreAction name="Groovy/Groovy-style/Format closing closure braces in one line" />
    <ignoreAction name="Groovy/Groovy-style/Remove redundant .class" />
    <ignoreAction name="Groovy/Groovy-style/Remove unnecessary 'return' keyword" />
    <ignoreAction name="Groovy/Other/Add 'value='" />
    <ignoreAction name="Groovy/Other/Alias import statically imported member" />
    <ignoreAction name="Groovy/Other/Copy string concatenation text to clipboard" />
    <ignoreAction name="Groovy/Other/Create missing 'switch' branches" />
    <ignoreAction name="Groovy/Other/Sort map entries alphabetically" />
    <ignoreAction name="Kotlin/Add '@JvmInline' annotation" />
    <ignoreAction name="Kotlin/Add '@JvmOverloads' annotation" />
    <ignoreAction name="Kotlin/Add '@JvmStatic' annotation" />
    <ignoreAction name="Kotlin/Add '@Throws' annotation" />
    <ignoreAction name="Kotlin/Add 'const' modifier" />
    <ignoreAction name="Kotlin/Add 'val'/'var' to a primary constructor parameter" />
    <ignoreAction name="Kotlin/Add braces" />
    <ignoreAction name="Kotlin/Add braces to all branches" />
    <ignoreAction name="Kotlin/Add explicit type arguments" />
    <ignoreAction name="Kotlin/Add full qualifier" />
    <ignoreAction name="Kotlin/Add getter" />
    <ignoreAction name="Kotlin/Add getter and setter" />
    <ignoreAction name="Kotlin/Add import for member" />
    <ignoreAction name="Kotlin/Add indices to 'for' loop" />
    <ignoreAction name="Kotlin/Add labeled return to the last expression in a lambda" />
    <ignoreAction name="Kotlin/Add missing 'class' keyword" />
    <ignoreAction name="Kotlin/Add missing destructuring component" />
    <ignoreAction name="Kotlin/Add name to the argument" />
    <ignoreAction name="Kotlin/Add names to call arguments" />
    <ignoreAction name="Kotlin/Add names to this argument and all following arguments" />
    <ignoreAction name="Kotlin/Add remaining branches" />
    <ignoreAction name="Kotlin/Add setter" />
    <ignoreAction name="Kotlin/Add underscores" />
    <ignoreAction name="Kotlin/Add use-site target" />
    <ignoreAction name="Kotlin/Change package" />
    <ignoreAction name="Kotlin/Convert 'String' concatenation to a template" />
    <ignoreAction name="Kotlin/Convert Boolean? == const to elvis" />
    <ignoreAction name="Kotlin/Convert Collection constructor to function" />
    <ignoreAction name="Kotlin/Convert anonymous function to a lambda expression" />
    <ignoreAction name="Kotlin/Convert assignment to assignment expression" />
    <ignoreAction name="Kotlin/Convert function to property" />
    <ignoreAction name="Kotlin/Convert function type parameter to receiver" />
    <ignoreAction name="Kotlin/Convert function type receiver to parameter" />
    <ignoreAction name="Kotlin/Convert lambda expression to anonymous function" />
    <ignoreAction name="Kotlin/Convert member to extension" />
    <ignoreAction name="Kotlin/Convert object literal to class" />
    <ignoreAction name="Kotlin/Convert object literal to lambda" />
    <ignoreAction name="Kotlin/Convert parameter to receiver" />
    <ignoreAction name="Kotlin/Convert property getter to initializer" />
    <ignoreAction name="Kotlin/Convert property initializer to getter" />
    <ignoreAction name="Kotlin/Convert property to function" />
    <ignoreAction name="Kotlin/Convert receiver to parameter" />
    <ignoreAction name="Kotlin/Convert template to concatenated string" />
    <ignoreAction name="Kotlin/Convert to 'buildString' call" />
    <ignoreAction name="Kotlin/Convert to also" />
    <ignoreAction name="Kotlin/Convert to anonymous object" />
    <ignoreAction name="Kotlin/Convert to apply" />
    <ignoreAction name="Kotlin/Convert to array parameter" />
    <ignoreAction name="Kotlin/Convert to block body" />
    <ignoreAction name="Kotlin/Convert to comparisons" />
    <ignoreAction name="Kotlin/Convert to enum class" />
    <ignoreAction name="Kotlin/Convert to indexed function call" />
    <ignoreAction name="Kotlin/Convert to lateinit var" />
    <ignoreAction name="Kotlin/Convert to lazy property" />
    <ignoreAction name="Kotlin/Convert to multi-line lambda" />
    <ignoreAction name="Kotlin/Convert to nullable var" />
    <ignoreAction name="Kotlin/Convert to object declaration" />
    <ignoreAction name="Kotlin/Convert to ordinary property" />
    <ignoreAction name="Kotlin/Convert to primary constructor" />
    <ignoreAction name="Kotlin/Convert to run" />
    <ignoreAction name="Kotlin/Convert to sealed class" />
    <ignoreAction name="Kotlin/Convert to secondary constructor" />
    <ignoreAction name="Kotlin/Convert to single-line lambda" />
    <ignoreAction name="Kotlin/Convert to unsafe cast" />
    <ignoreAction name="Kotlin/Convert to unsafeCast() call" />
    <ignoreAction name="Kotlin/Convert to vararg parameter" />
    <ignoreAction name="Kotlin/Convert to with" />
    <ignoreAction name="Kotlin/Copy concatenation text to clipboard" />
    <ignoreAction name="Kotlin/Create Kotlin subclass" />
    <ignoreAction name="Kotlin/Create test" />
    <ignoreAction name="Kotlin/DeMorgan Law" />
    <ignoreAction name="Kotlin/Eliminate argument of 'when'" />
    <ignoreAction name="Kotlin/Enable/disable a trailing comma in the formatter" />
    <ignoreAction name="Kotlin/Evaluate compile-time expression" />
    <ignoreAction name="Kotlin/Expand boolean expression to 'if else'" />
    <ignoreAction name="Kotlin/Extract declaration from current file" />
    <ignoreAction name="Kotlin/Flatten 'when' expression" />
    <ignoreAction name="Kotlin/Flip 'equals'" />
    <ignoreAction name="Kotlin/Flip binary expression" />
    <ignoreAction name="Kotlin/Implement abstract member" />
    <ignoreAction name="Kotlin/Import members with '*'" />
    <ignoreAction name="Kotlin/Indent raw string" />
    <ignoreAction name="Kotlin/Insert curly braces around variable" />
    <ignoreAction name="Kotlin/Introduce backing property" />
    <ignoreAction name="Kotlin/Introduce import alias" />
    <ignoreAction name="Kotlin/Introduce local variable" />
    <ignoreAction name="Kotlin/Invert 'if' condition" />
    <ignoreAction name="Kotlin/Iterate over collection" />
    <ignoreAction name="Kotlin/Join declaration and assignment" />
    <ignoreAction name="Kotlin/Make 'open'" />
    <ignoreAction name="Kotlin/Make internal" />
    <ignoreAction name="Kotlin/Make private" />
    <ignoreAction name="Kotlin/Make protected" />
    <ignoreAction name="Kotlin/Make public" />
    <ignoreAction name="Kotlin/Merge 'else if'" />
    <ignoreAction name="Kotlin/Merge 'if's" />
    <ignoreAction name="Kotlin/Move lambda argument into parentheses" />
    <ignoreAction name="Kotlin/Move out of companion object" />
    <ignoreAction name="Kotlin/Move to 'build' &gt; 'sourceDirectory' tag" />
    <ignoreAction name="Kotlin/Move to 'compile' execution" />
    <ignoreAction name="Kotlin/Move to class body" />
    <ignoreAction name="Kotlin/Move to companion object" />
    <ignoreAction name="Kotlin/Move to constructor" />
    <ignoreAction name="Kotlin/Move to top level" />
    <ignoreAction name="Kotlin/Put arguments on one line" />
    <ignoreAction name="Kotlin/Put arguments on separate lines" />
    <ignoreAction name="Kotlin/Put parameters on one line" />
    <ignoreAction name="Kotlin/Put parameters on separate lines" />
    <ignoreAction name="Kotlin/Remove argument name" />
    <ignoreAction name="Kotlin/Remove braces" />
    <ignoreAction name="Kotlin/Remove braces from all branches" />
    <ignoreAction name="Kotlin/Remove constructor keyword" />
    <ignoreAction name="Kotlin/Remove empty constructor body" />
    <ignoreAction name="Kotlin/Remove empty primary constructor" />
    <ignoreAction name="Kotlin/Remove explicit lambda parameter types (may break code)" />
    <ignoreAction name="Kotlin/Remove explicit supertype qualification" />
    <ignoreAction name="Kotlin/Remove explicit type arguments" />
    <ignoreAction name="Kotlin/Remove explicit type specification" />
    <ignoreAction name="Kotlin/Remove indices in 'for' loop" />
    <ignoreAction name="Kotlin/Remove labeled return from last expression in a lambda" />
    <ignoreAction name="Kotlin/Remove redundant calls of the conversion method" />
    <ignoreAction name="Kotlin/Remove redundant empty class body" />
    <ignoreAction name="Kotlin/Remove single-expression string template" />
    <ignoreAction name="Kotlin/Remove underscores" />
    <ignoreAction name="Kotlin/Remove unnecessary parentheses" />
    <ignoreAction name="Kotlin/Remove unnecessary parentheses from function call with lambda" />
    <ignoreAction name="Kotlin/Rename class to containing file name" />
    <ignoreAction name="Kotlin/Rename file to match top-level class name" />
    <ignoreAction name="Kotlin/Replace '!!' expression with 'if' expression" />
    <ignoreAction name="Kotlin/Replace '_' with parameter name" />
    <ignoreAction name="Kotlin/Replace 'any' with 'all' and vice versa" />
    <ignoreAction name="Kotlin/Replace 'any' with 'none' and vice versa" />
    <ignoreAction name="Kotlin/Replace 'contains' call with 'in' operator" />
    <ignoreAction name="Kotlin/Replace 'if' expression with return" />
    <ignoreAction name="Kotlin/Replace 'if' with 'when'" />
    <ignoreAction name="Kotlin/Replace 'invoke' with direct call" />
    <ignoreAction name="Kotlin/Replace 'it' with explicit parameter" />
    <ignoreAction name="Kotlin/Replace 'try-finally' with 'use()'" />
    <ignoreAction name="Kotlin/Replace 'when' with 'if'" />
    <ignoreAction name="Kotlin/Replace assignment with 'if' expression" />
    <ignoreAction name="Kotlin/Replace assignment with 'when' expression" />
    <ignoreAction name="Kotlin/Replace by reconstructed type" />
    <ignoreAction name="Kotlin/Replace call with unary operator" />
    <ignoreAction name="Kotlin/Replace camel-case name with spaces" />
    <ignoreAction name="Kotlin/Replace elvis expression with 'if' expression" />
    <ignoreAction name="Kotlin/Replace explicit lambda parameter with 'it'" />
    <ignoreAction name="Kotlin/Replace function call with the opposite" />
    <ignoreAction name="Kotlin/Replace infix call with ordinary call" />
    <ignoreAction name="Kotlin/Replace overloaded operator with function call" />
    <ignoreAction name="Kotlin/Replace property initializer with 'if' expression" />
    <ignoreAction name="Kotlin/Replace property initializer with 'when' expression" />
    <ignoreAction name="Kotlin/Replace return with 'if' expression" />
    <ignoreAction name="Kotlin/Replace return with 'when' expression" />
    <ignoreAction name="Kotlin/Replace safe access expression with 'if' expression" />
    <ignoreAction name="Kotlin/Replace size check with 'isNotEmpty'" />
    <ignoreAction name="Kotlin/Replace size zero check with 'isEmpty'" />
    <ignoreAction name="Kotlin/Replace snake_case name with spaces" />
    <ignoreAction name="Kotlin/Replace with '+='" />
    <ignoreAction name="Kotlin/Replace with '..' operator" />
    <ignoreAction name="Kotlin/Replace with a 'for' loop" />
    <ignoreAction name="Kotlin/Replace with a 'forEach' function call" />
    <ignoreAction name="Kotlin/Replace with block comment" />
    <ignoreAction name="Kotlin/Replace with end of line comment" />
    <ignoreAction name="Kotlin/Replace with indexing and elvis operator" />
    <ignoreAction name="Kotlin/Replace with infix function call" />
    <ignoreAction name="Kotlin/Replace with ordinary assignment" />
    <ignoreAction name="Kotlin/Simplify boolean expression" />
    <ignoreAction name="Kotlin/Specify all types explicitly in destructuring declaration" />
    <ignoreAction name="Kotlin/Specify explicit lambda signature" />
    <ignoreAction name="Kotlin/Specify type explicitly" />
    <ignoreAction name="Kotlin/Split 'if' into two" />
    <ignoreAction name="Kotlin/Split property declaration" />
    <ignoreAction name="Kotlin/To ordinary string literal" />
    <ignoreAction name="Kotlin/To raw string literal" />
    <ignoreAction name="Kotlin/Use destructuring declaration" />
    <ignoreAction name="Kotlin/Use property access syntax" />
    <ignoreAction name="Kotlin/Use withIndex() instead of manual index increment" />
    <ignoreAction name="Kotlin Android/Add Parcelable Implementation" />
    <ignoreAction name="Kotlin Android/Add activity to manifest" />
    <ignoreAction name="Kotlin Android/Add broadcast receiver to manifest" />
    <ignoreAction name="Kotlin Android/Add service to manifest" />
    <ignoreAction name="Kotlin Android/Extract string resource" />
    <ignoreAction name="Kotlin Android/Remove Parcelable Implementation" />
    <ignoreAction name="Kotlin Android/Replace Parcelable Implementation" />
    <ignoreAction name="Markdown/Configure image" />
    <ignoreAction name="Markdown/Hide errors in code fences" />
    <ignoreAction name="XML/Add 'xsi:schemaLocation' attribute" />
    <ignoreAction name="XML/Choose color" />
    <ignoreAction name="XML/Collapse empty tag" />
    <ignoreAction name="XML/Convert CDATA to text" />
    <ignoreAction name="XML/Convert text to CDATA" />
    <ignoreAction name="XML/Fetch external resource" />
    <ignoreAction name="XML/Insert namespace prefix" />
    <ignoreAction name="XML/Manually set up external resource" />
    <ignoreAction name="XML/Rearrange tag attributes" />
    <ignoreAction name="XML/Remove attribute" />
    <ignoreAction name="XML/Remove tag (preserves children)" />
    <ignoreAction name="XML/Reset to default namespace" />
    <ignoreAction name="XML/Split current tag" />
    <ignoreAction name="XSLT/Add optional Argument(s)" />
    <ignoreAction name="XSLT/Convert 'xsl:if' to 'xsl:choose'" />
    <ignoreAction name="XSLT/Inline 'xsl:attribute'" />
    <ignoreAction name="XSLT/Replace with 'xsl:attribute'" />
    <ignoreAction name="Java/Declaration/Split declaration" />
  </component>
</application>