<application>
  <component name="SonarLintGlobalSettings">
    <rules>
      <Rule active="false" key="javascript:S3785" />
      <Rule active="false" key="javascript:S5842" />
      <Rule active="false" key="javascript:S1121" />
      <Rule active="false" key="javascript:S3782" />
      <Rule active="false" key="javascript:S1481" />
      <Rule active="false" key="kotlin:S1764" />
      <Rule active="false" key="javascript:S2692" />
      <Rule active="false" key="python:S2053" />
      <Rule active="false" key="typescript:S6019" />
      <Rule active="false" key="kotlin:S1763" />
      <Rule active="false" key="ruby:S101" />
      <Rule active="false" key="ruby:S100" />
      <Rule active="false" key="javascript:S1128" />
      <Rule active="false" key="python:S5685" />
      <Rule active="false" key="javascript:S1126" />
      <Rule active="false" key="python:S5445" />
      <Rule active="false" key="javascript:S4634" />
      <Rule active="false" key="javascript:S1125" />
      <Rule active="false" key="javascript:S5843" />
      <Rule active="false" key="javascript:S1488" />
      <Rule active="false" key="php:S1656" />
      <Rule active="false" key="ruby:S1656" />
      <Rule active="false" key="javascript:S2685" />
      <Rule active="false" key="javascript:S2201" />
      <Rule active="false" key="kotlin:S1871" />
      <Rule active="false" key="javascript:S3531" />
      <Rule active="false" key="javascript:S1472" />
      <Rule active="false" key="javascript:S1110" />
      <Rule active="false" key="kotlin:S1874" />
      <Rule active="false" key="javascript:S2681" />
      <Rule active="false" key="javascript:S1119" />
      <Rule active="false" key="javascript:S1117" />
      <Rule active="false" key="python:S4487" />
      <Rule active="false" key="javascript:S2688" />
      <Rule active="false" key="javascript:S4624" />
      <Rule active="false" key="javascript:S1116" />
      <Rule active="false" key="javascript:S1479" />
      <Rule active="false" key="javascript:S3776" />
      <Rule active="false" key="php:S2755" />
      <Rule active="false" key="php:S1788" />
      <Rule active="false" key="ruby:S108" />
      <Rule active="false" key="typescript:S101" />
      <Rule active="false" key="ruby:S107" />
      <Rule active="false" key="php:S1301" />
      <Rule active="false" key="ruby:S1763" />
      <Rule active="false" key="ruby:S1764" />
      <Rule active="false" key="kotlin:S3923" />
      <Rule active="false" key="typescript:S6035" />
      <Rule active="false" key="typescript:S108" />
      <Rule active="false" key="php:S2757" />
      <Rule active="false" key="typescript:S107" />
      <Rule active="false" key="javascript:S2310" />
      <Rule active="false" key="javascript:S2432" />
      <Rule active="false" key="typescript:S1940" />
      <Rule active="false" key="kotlin:S1862" />
      <Rule active="false" key="javascript:S3403" />
      <Rule active="false" key="javascript:S1226" />
      <Rule active="false" key="php:S1871" />
      <Rule active="false" key="php:S1751" />
      <Rule active="false" key="javascript:S4619" />
      <Rule active="false" key="python:S2190" />
      <Rule active="false" key="php:S1998" />
      <Rule active="false" key="javascript:S1219" />
      <Rule active="false" key="python:S4143" />
      <Rule active="false" key="python:S4144" />
      <Rule active="false" key="javascript:S3516" />
      <Rule active="false" key="php:S1763" />
      <Rule active="false" key="typescript:S125" />
      <Rule active="false" key="php:S1764" />
      <Rule active="false" key="ruby:S2757" />
      <Rule active="false" key="typescript:S128" />
      <Rule active="false" key="php:S2737" />
      <Rule active="false" key="javascript:S4830" />
      <Rule active="false" key="kotlin:S4830" />
      <Rule active="false" key="javascript:S1321" />
      <Rule active="false" key="python:S107" />
      <Rule active="false" key="javascript:S3981" />
      <Rule active="false" key="typescript:S2814" />
      <Rule active="false" key="python:S108" />
      <Rule active="false" key="typescript:S2819" />
      <Rule active="false" key="javascript:S3626" />
      <Rule active="false" key="typescript:S1848" />
      <Rule active="false" key="javascript:S3863" />
      <Rule active="false" key="javascript:S3984" />
      <Rule active="false" key="javascript:S3500" />
      <Rule active="false" key="php:S1854" />
      <Rule active="false" key="python:S112" />
      <Rule active="false" key="javascript:S3972" />
      <Rule active="false" key="typescript:S1854" />
      <Rule active="false" key="python:BackticksUsage" />
      <Rule active="false" key="javascript:S3616" />
      <Rule active="false" key="javascript:S1439" />
      <Rule active="false" key="javascript:S3735" />
      <Rule active="false" key="javascript:S1314" />
      <Rule active="false" key="javascript:S3854" />
      <Rule active="false" key="javascript:S4822" />
      <Rule active="false" key="javascript:S3973" />
      <Rule active="false" key="php:S3801" />
      <Rule active="false" key="php:S1862" />
      <Rule active="false" key="java:S106" />
      <Rule active="false" key="kotlin:S2757" />
      <Rule active="false" key="python:S101" />
      <Rule active="false" key="python:S100" />
      <Rule active="false" key="php:S3923" />
      <Rule active="false" key="javascript:S2871" />
      <Rule active="false" key="typescript:S3923" />
      <Rule active="false" key="javascript:S2990" />
      <Rule active="false" key="javascript:S2870" />
      <Rule active="false" key="typescript:S1862" />
      <Rule active="false" key="javascript:S1788" />
      <Rule active="false" key="javascript:S2757" />
      <Rule active="false" key="javascript:S2999" />
      <Rule active="false" key="javascript:S2755" />
      <Rule active="false" key="javascript:S1301" />
      <Rule active="false" key="ruby:S117" />
      <Rule active="false" key="ruby:S1871" />
      <Rule active="false" key="kotlin:S1656" />
      <Rule active="false" key="typescript:S1871" />
      <Rule active="false" key="python:S116" />
      <Rule active="false" key="typescript:S3812" />
      <Rule active="false" key="typescript:S1515" />
      <Rule active="false" key="typescript:S1516" />
      <Rule active="false" key="python:S117" />
      <Rule active="false" key="typescript:S1751" />
      <Rule active="false" key="typescript:S1994" />
      <Rule active="false" key="typescript:S1874" />
      <Rule active="false" key="javascript:S1656" />
      <Rule active="false" key="javascript:S1536" />
      <Rule active="false" key="javascript:S3834" />
      <Rule active="false" key="ruby:S131" />
      <Rule active="false" key="javascript:S1533" />
      <Rule active="false" key="javascript:S1534" />
      <Rule active="false" key="php:S1600" />
      <Rule active="false" key="ruby:S1862" />
      <Rule active="false" key="ruby:S3923" />
      <Rule active="false" key="php:S1848" />
      <Rule active="false" key="php:S1607" />
      <Rule active="false" key="php:S1605" />
      <Rule active="false" key="python:S125" />
      <Rule active="false" key="php:S1603" />
      <Rule active="false" key="typescript:S2737" />
      <Rule active="false" key="typescript:S1763" />
      <Rule active="false" key="typescript:S1764" />
      <Rule active="false" key="kotlin:S1125" />
      <Rule active="false" key="kotlin:S1481" />
      <Rule active="false" key="typescript:S1529" />
      <Rule active="false" key="php:S907" />
      <Rule active="false" key="php:S905" />
      <Rule active="false" key="ruby:S1134" />
      <Rule active="false" key="ruby:S1135" />
      <Rule active="false" key="javascript:S108" />
      <Rule active="false" key="typescript:S1656" />
      <Rule active="false" key="javascript:S107" />
      <Rule active="false" key="java:S2119" />
      <Rule active="false" key="kotlin:S1110" />
      <Rule active="false" key="kotlin:S1479" />
      <Rule active="false" key="php:S6035" />
      <Rule active="false" key="typescript:S1533" />
      <Rule active="false" key="kotlin:S3776" />
      <Rule active="false" key="ruby:S1481" />
      <Rule active="false" key="kotlin:S125" />
      <Rule active="false" key="php:S1940" />
      <Rule active="false" key="typescript:S2990" />
      <Rule active="false" key="java:S5993" />
      <Rule active="false" key="typescript:S2870" />
      <Rule active="false" key="typescript:S2871" />
      <Rule active="false" key="javascript:S101" />
      <Rule active="false" key="typescript:S1788" />
      <Rule active="false" key="typescript:S2999" />
      <Rule active="false" key="typescript:S2757" />
      <Rule active="false" key="javascript:S1186" />
      <Rule active="false" key="javascript:S3001" />
      <Rule active="false" key="javascript:S5542" />
      <Rule active="false" key="php:S6001" />
      <Rule active="false" key="php:S6002" />
      <Rule active="false" key="typescript:S1301" />
      <Rule active="false" key="typescript:S2755" />
      <Rule active="false" key="python:S1700" />
      <Rule active="false" key="javascript:S5547" />
      <Rule active="false" key="ruby:S4663" />
      <Rule active="false" key="kotlin:S117" />
      <Rule active="false" key="typescript:S3972" />
      <Rule active="false" key="typescript:S3735" />
      <Rule active="false" key="javascript:S128" />
      <Rule active="false" key="typescript:S1439" />
      <Rule active="false" key="typescript:S3616" />
      <Rule active="false" key="typescript:S3973" />
      <Rule active="false" key="typescript:S1314" />
      <Rule active="false" key="typescript:S3854" />
      <Rule active="false" key="php:S930" />
      <Rule active="false" key="typescript:S4822" />
      <Rule active="false" key="javascript:S5659" />
      <Rule active="false" key="javascript:S4326" />
      <Rule active="false" key="javascript:S3358" />
      <Rule active="false" key="kotlin:S101" />
      <Rule active="false" key="kotlin:S108" />
      <Rule active="false" key="kotlin:S107" />
      <Rule active="false" key="ruby:S1145" />
      <Rule active="false" key="typescript:S3981" />
      <Rule active="false" key="typescript:S4830" />
      <Rule active="false" key="php:S6019" />
      <Rule active="false" key="kotlin:S100" />
      <Rule active="false" key="javascript:S125" />
      <Rule active="false" key="typescript:S3626" />
      <Rule active="false" key="kotlin:S5527" />
      <Rule active="false" key="javascript:S2251" />
      <Rule active="false" key="typescript:S3863" />
      <Rule active="false" key="typescript:S3984" />
      <Rule active="false" key="php:S6344" />
      <Rule active="false" key="python:ExecStatementUsage" />
      <Rule active="false" key="python:S1845" />
      <Rule active="false" key="javascript:S2259" />
      <Rule active="false" key="javascript:S5527" />
      <Rule active="false" key="javascript:S2137" />
      <Rule active="false" key="python:S1716" />
      <Rule active="false" key="php:S6347" />
      <Rule active="false" key="php:S6349" />
      <Rule active="false" key="typescript:S3516" />
      <Rule active="false" key="kotlin:S4423" />
      <Rule active="false" key="javascript:S2123" />
      <Rule active="false" key="javascript:S4423" />
      <Rule active="false" key="javascript:S3696" />
      <Rule active="false" key="kotlin:S4663" />
      <Rule active="false" key="typescript:S1219" />
      <Rule active="false" key="kotlin:S4426" />
      <Rule active="false" key="python:S2823" />
      <Rule active="false" key="javascript:S3579" />
      <Rule active="false" key="python:S1854" />
      <Rule active="false" key="javascript:S4426" />
      <Rule active="false" key="javascript:S3699" />
      <Rule active="false" key="javascript:S5876" />
      <Rule active="false" key="typescript:S2310" />
      <Rule active="false" key="kotlin:S3329" />
      <Rule active="false" key="javascript:S3686" />
      <Rule active="false" key="kotlin:S1144" />
      <Rule active="false" key="kotlin:S1145" />
      <Rule active="false" key="javascript:S2234" />
      <Rule active="false" key="javascript:S1143" />
      <Rule active="false" key="javascript:S1264" />
      <Rule active="false" key="javascript:S5860" />
      <Rule active="false" key="typescript:S1226" />
      <Rule active="false" key="php:S4144" />
      <Rule active="false" key="python:S2836" />
      <Rule active="false" key="php:S4143" />
      <Rule active="false" key="python:S3923" />
      <Rule active="false" key="javascript:S5869" />
      <Rule active="false" key="javascript:S5868" />
      <Rule active="false" key="typescript:S4619" />
      <Rule active="false" key="python:S2711" />
      <Rule active="false" key="javascript:S2598" />
      <Rule active="false" key="python:S2710" />
      <Rule active="false" key="python:S1862" />
      <Rule active="false" key="ruby:S1110" />
      <Rule active="false" key="ruby:S3776" />
      <Rule active="false" key="typescript:S1472" />
      <Rule active="false" key="typescript:S1110" />
      <Rule active="false" key="ruby:S1479" />
      <Rule active="false" key="typescript:S4621" />
      <Rule active="false" key="typescript:S3531" />
      <Rule active="false" key="typescript:S2201" />
      <Rule active="false" key="typescript:S2685" />
      <Rule active="false" key="typescript:S2681" />
      <Rule active="false" key="kotlin:S1133" />
      <Rule active="false" key="typescript:S1117" />
      <Rule active="false" key="javascript:S3796" />
      <Rule active="false" key="python:S1871" />
      <Rule active="false" key="javascript:S1134" />
      <Rule active="false" key="kotlin:S1134" />
      <Rule active="false" key="python:S1751" />
      <Rule active="false" key="php:S5361" />
      <Rule active="false" key="typescript:S1119" />
      <Rule active="false" key="javascript:S5850" />
      <Rule active="false" key="typescript:S3776" />
      <Rule active="false" key="typescript:S4623" />
      <Rule active="false" key="kotlin:S1135" />
      <Rule active="false" key="typescript:S2688" />
      <Rule active="false" key="typescript:S1479" />
      <Rule active="false" key="typescript:S4624" />
      <Rule active="false" key="python:InequalityUsage" />
      <Rule active="false" key="typescript:S1116" />
      <Rule active="false" key="javascript:S3317" />
      <Rule active="false" key="python:S1515" />
      <Rule active="false" key="javascript:S2589" />
      <Rule active="false" key="javascript:S5856" />
      <Rule active="false" key="javascript:S3799" />
      <Rule active="false" key="javascript:S4524" />
      <Rule active="false" key="javascript:S1135" />
      <Rule active="false" key="typescript:S1121" />
      <Rule active="false" key="kotlin:S1128" />
      <Rule active="false" key="typescript:S5842" />
      <Rule active="false" key="php:S6339" />
      <Rule active="false" key="typescript:S2692" />
      <Rule active="false" key="typescript:S1128" />
      <Rule active="false" key="javascript:S6019" />
      <Rule active="false" key="java:S4925" />
      <Rule active="false" key="typescript:S4634" />
      <Rule active="false" key="typescript:S905" />
      <Rule active="false" key="typescript:S5843" />
      <Rule active="false" key="typescript:S1488" />
      <Rule active="false" key="typescript:S1125" />
      <Rule active="false" key="java:S2629" />
      <Rule active="false" key="python:S3827" />
      <Rule active="false" key="python:S2737" />
      <Rule active="false" key="php:S2187" />
      <Rule active="false" key="python:S2734" />
      <Rule active="false" key="kotlin:S2053" />
      <Rule active="false" key="python:S1763" />
      <Rule active="false" key="python:S1764" />
      <Rule active="false" key="typescript:S5850" />
      <Rule active="false" key="typescript:S1134" />
      <Rule active="false" key="typescript:S3317" />
      <Rule active="false" key="typescript:S1135" />
      <Rule active="false" key="typescript:S4524" />
      <Rule active="false" key="typescript:S2589" />
      <Rule active="false" key="typescript:S5856" />
      <Rule active="false" key="typescript:S3799" />
      <Rule active="false" key="kotlin:S4347" />
      <Rule active="false" key="kotlin:S1192" />
      <Rule active="false" key="python:S1656" />
      <Rule active="false" key="typescript:S1143" />
      <Rule active="false" key="typescript:S1264" />
      <Rule active="false" key="typescript:S2234" />
      <Rule active="false" key="typescript:S5860" />
      <Rule active="false" key="javascript:S878" />
      <Rule active="false" key="python:S1542" />
      <Rule active="false" key="kotlin:S5547" />
      <Rule active="false" key="typescript:S5869" />
      <Rule active="false" key="kotlin:S1186" />
      <Rule active="false" key="kotlin:S1066" />
      <Rule active="false" key="typescript:S2598" />
      <Rule active="false" key="kotlin:S5542" />
      <Rule active="false" key="typescript:S5868" />
      <Rule active="false" key="php:S1075" />
      <Rule active="false" key="python:S2638" />
      <Rule active="false" key="php:S3011" />
      <Rule active="false" key="javascript:S6353" />
      <Rule active="false" key="php:S2041" />
      <Rule active="false" key="python:S2757" />
      <Rule active="false" key="php:S1192" />
      <Rule active="false" key="python:S2755" />
      <Rule active="false" key="ruby:S4144" />
      <Rule active="false" key="php:S2166" />
      <Rule active="false" key="typescript:S2123" />
      <Rule active="false" key="typescript:S4423" />
      <Rule active="false" key="typescript:S3696" />
      <Rule active="false" key="typescript:S4782" />
      <Rule active="false" key="javascript:S888" />
      <Rule active="false" key="typescript:S3699" />
      <Rule active="false" key="typescript:S5876" />
      <Rule active="false" key="javascript:S4165" />
      <Rule active="false" key="javascript:S4043" />
      <Rule active="false" key="typescript:S3579" />
      <Rule active="false" key="typescript:S4426" />
      <Rule active="false" key="php:S2053" />
      <Rule active="false" key="kotlin:S1172" />
      <Rule active="false" key="javascript:S6351" />
      <Rule active="false" key="typescript:S2251" />
      <Rule active="false" key="python:S3984" />
      <Rule active="false" key="javascript:S4158" />
      <Rule active="false" key="python:S3862" />
      <Rule active="false" key="python:S2772" />
      <Rule active="false" key="python:S3981" />
      <Rule active="false" key="javascript:S930" />
      <Rule active="false" key="typescript:S2137" />
      <Rule active="false" key="javascript:S4275" />
      <Rule active="false" key="ruby:ParsingError" />
      <Rule active="false" key="python:S5806" />
      <Rule active="false" key="typescript:S5527" />
      <Rule active="false" key="python:S5807" />
      <Rule active="false" key="python:S905" />
      <Rule active="false" key="javascript:S6331" />
      <Rule active="false" key="php:S1172" />
      <Rule active="false" key="python:S3626" />
      <Rule active="false" key="ruby:S1172" />
      <Rule active="false" key="python:S4830" />
      <Rule active="false" key="python:S3985" />
      <Rule active="false" key="php:S3358" />
      <Rule active="false" key="typescript:S4322" />
      <Rule active="false" key="typescript:S4323" />
      <Rule active="false" key="php:S5779" />
      <Rule active="false" key="python:PreIncrementDecrement" />
      <Rule active="false" key="javascript:S6328" />
      <Rule active="false" key="javascript:S4144" />
      <Rule active="false" key="typescript:S4326" />
      <Rule active="false" key="typescript:S4325" />
      <Rule active="false" key="javascript:S4143" />
      <Rule active="false" key="typescript:S3358" />
      <Rule active="false" key="typescript:S5659" />
      <Rule active="false" key="php:S5542" />
      <Rule active="false" key="php:S1185" />
      <Rule active="false" key="php:S836" />
      <Rule active="false" key="php:S1186" />
      <Rule active="false" key="python:S3516" />
      <Rule active="false" key="php:S3360" />
      <Rule active="false" key="javascript:S6323" />
      <Rule active="false" key="kotlin:S4144" />
      <Rule active="false" key="javascript:S6324" />
      <Rule active="false" key="javascript:S6325" />
      <Rule active="false" key="javascript:S6326" />
      <Rule active="false" key="php:S1068" />
      <Rule active="false" key="php:S1066" />
      <Rule active="false" key="php:S5785" />
      <Rule active="false" key="typescript:S1186" />
      <Rule active="false" key="typescript:S3001" />
      <Rule active="false" key="javascript:S4030" />
      <Rule active="false" key="typescript:S5542" />
      <Rule active="false" key="typescript:S4335" />
      <Rule active="false" key="php:S5547" />
      <Rule active="false" key="kotlin:S6316" />
      <Rule active="false" key="kotlin:S6318" />
      <Rule active="false" key="python:S5704" />
      <Rule active="false" key="kotlin:S6312" />
      <Rule active="false" key="typescript:S5547" />
      <Rule active="false" key="kotlin:S6313" />
      <Rule active="false" key="python:S5706" />
      <Rule active="false" key="python:S5828" />
      <Rule active="false" key="python:S5707" />
      <Rule active="false" key="kotlin:S6314" />
      <Rule active="false" key="python:S5708" />
      <Rule active="false" key="kotlin:S6315" />
      <Rule active="false" key="kotlin:S6310" />
      <Rule active="false" key="kotlin:S6311" />
      <Rule active="false" key="python:S1226" />
      <Rule active="false" key="python:PrintStatementUsage" />
      <Rule active="false" key="python:S3403" />
      <Rule active="false" key="ruby:S1192" />
      <Rule active="false" key="javascript:S4138" />
      <Rule active="false" key="php:S4426" />
      <Rule active="false" key="php:S3699" />
      <Rule active="false" key="php:S2004" />
      <Rule active="false" key="php:S4423" />
      <Rule active="false" key="php:S2123" />
      <Rule active="false" key="php:S1155" />
      <Rule active="false" key="javascript:S4140" />
      <Rule active="false" key="php:S5994" />
      <Rule active="false" key="php:S5632" />
      <Rule active="false" key="php:S5996" />
      <Rule active="false" key="php:S5876" />
      <Rule active="false" key="kotlin:S6309" />
      <Rule active="false" key="python:S5712" />
      <Rule active="false" key="javascript:S2189" />
      <Rule active="false" key="kotlin:S6305" />
      <Rule active="false" key="kotlin:S6306" />
      <Rule active="false" key="python:S5713" />
      <Rule active="false" key="python:S2201" />
      <Rule active="false" key="python:S5714" />
      <Rule active="false" key="kotlin:S6307" />
      <Rule active="false" key="python:S1110" />
      <Rule active="false" key="javascript:S4123" />
      <Rule active="false" key="kotlin:S6301" />
      <Rule active="false" key="python:S5717" />
      <Rule active="false" key="python:S5719" />
      <Rule active="false" key="php:S2010" />
      <Rule active="false" key="python:S2208" />
      <Rule active="false" key="php:S2251" />
      <Rule active="false" key="python:S3776" />
      <Rule active="false" key="ruby:S1186" />
      <Rule active="false" key="ruby:S1066" />
      <Rule active="false" key="php:S2014" />
      <Rule active="false" key="php:S4433" />
      <Rule active="false" key="php:S1045" />
      <Rule active="false" key="python:S5709" />
      <Rule active="false" key="php:S5527" />
      <Rule active="false" key="python:S5724" />
      <Rule active="false" key="python:S5603" />
      <Rule active="false" key="php:S101" />
      <Rule active="false" key="python:S5727" />
      <Rule active="false" key="php:S107" />
      <Rule active="false" key="python:S5607" />
      <Rule active="false" key="python:S1481" />
      <Rule active="false" key="php:S5850" />
      <Rule active="false" key="javascript:S2737" />
      <Rule active="false" key="javascript:S1527" />
      <Rule active="false" key="php:S108" />
      <Rule active="false" key="javascript:S1764" />
      <Rule active="false" key="python:S5720" />
      <Rule active="false" key="python:S5722" />
      <Rule active="false" key="javascript:S1763" />
      <Rule active="false" key="php:S4524" />
      <Rule active="false" key="php:S1134" />
      <Rule active="false" key="php:S1135" />
      <Rule active="false" key="javascript:S1529" />
      <Rule active="false" key="typescript:S4124" />
      <Rule active="false" key="typescript:S4123" />
      <Rule active="false" key="php:S5855" />
      <Rule active="false" key="php:S110" />
      <Rule active="false" key="php:S5857" />
      <Rule active="false" key="typescript:S878" />
      <Rule active="false" key="python:S930" />
      <Rule active="false" key="python:S1134" />
      <Rule active="false" key="javascript:S1871" />
      <Rule active="false" key="php:S114" />
      <Rule active="false" key="php:S112" />
      <Rule active="false" key="php:S115" />
      <Rule active="false" key="javascript:S1515" />
      <Rule active="false" key="php:S1142" />
      <Rule active="false" key="javascript:S1516" />
      <Rule active="false" key="javascript:S3812" />
      <Rule active="false" key="javascript:S905" />
      <Rule active="false" key="javascript:S1874" />
      <Rule active="false" key="javascript:S1751" />
      <Rule active="false" key="javascript:S1994" />
      <Rule active="false" key="php:S2115" />
      <Rule active="false" key="php:S1145" />
      <Rule active="false" key="php:S2234" />
      <Rule active="false" key="php:S1264" />
      <Rule active="false" key="php:S1144" />
      <Rule active="false" key="php:S5863" />
      <Rule active="false" key="php:S121" />
      <Rule active="false" key="php:S5868" />
      <Rule active="false" key="php:S5869" />
      <Rule active="false" key="php:S125" />
      <Rule active="false" key="python:S1143" />
      <Rule active="false" key="python:S5747" />
      <Rule active="false" key="python:S1144" />
      <Rule active="false" key="typescript:S4138" />
      <Rule active="false" key="php:S127" />
      <Rule active="false" key="php:S2681" />
      <Rule active="false" key="javascript:S3923" />
      <Rule active="false" key="python:S3329" />
      <Rule active="false" key="javascript:S3800" />
      <Rule active="false" key="python:S5864" />
      <Rule active="false" key="python:S2115" />
      <Rule active="false" key="javascript:S1862" />
      <Rule active="false" key="php:S1479" />
      <Rule active="false" key="php:S1116" />
      <Rule active="false" key="php:S1117" />
      <Rule active="false" key="php:S3415" />
      <Rule active="false" key="typescript:S4140" />
      <Rule active="false" key="php:S3776" />
      <Rule active="false" key="php:S1599" />
      <Rule active="false" key="php:S2201" />
      <Rule active="false" key="php:S1110" />
      <Rule active="false" key="typescript:S6325" />
      <Rule active="false" key="typescript:S6326" />
      <Rule active="false" key="typescript:S6323" />
      <Rule active="false" key="typescript:S6324" />
      <Rule active="false" key="php:S131" />
      <Rule active="false" key="php:S5713" />
      <Rule active="false" key="typescript:S4144" />
      <Rule active="false" key="typescript:S4143" />
      <Rule active="false" key="python:S5756" />
      <Rule active="false" key="python:S4426" />
      <Rule active="false" key="php:S138" />
      <Rule active="false" key="typescript:S6328" />
      <Rule active="false" key="javascript:S2703" />
      <Rule active="false" key="javascript:S1854" />
      <Rule active="false" key="php:S1481" />
      <Rule active="false" key="python:S5632" />
      <Rule active="false" key="python:S5754" />
      <Rule active="false" key="python:S4423" />
      <Rule active="false" key="python:S3457" />
      <Rule active="false" key="php:S1488" />
      <Rule active="false" key="typescript:S4030" />
      <Rule active="false" key="php:S1125" />
      <Rule active="false" key="php:S1126" />
      <Rule active="false" key="php:S2699" />
      <Rule active="false" key="ruby:S1940" />
      <Rule active="false" key="typescript:S4156" />
      <Rule active="false" key="php:S5842" />
      <Rule active="false" key="typescript:S4158" />
      <Rule active="false" key="php:S5843" />
      <Rule active="false" key="typescript:S6331" />
      <Rule active="false" key="typescript:S4275" />
      <Rule active="false" key="typescript:S888" />
      <Rule active="false" key="python:S5527" />
      <Rule active="false" key="python:S1045" />
      <Rule active="false" key="javascript:S2814" />
      <Rule active="false" key="python:S4433" />
      <Rule active="false" key="python:S5886" />
      <Rule active="false" key="python:S5644" />
      <Rule active="false" key="php:S1697" />
      <Rule active="false" key="javascript:S2819" />
      <Rule active="false" key="javascript:S1848" />
      <Rule active="false" key="typescript:S4043" />
      <Rule active="false" key="typescript:S4165" />
      <Rule active="false" key="python:S5659" />
      <Rule active="false" key="python:S5655" />
      <Rule active="false" key="python:S3358" />
      <Rule active="false" key="php:S1226" />
      <Rule active="false" key="typescript:S6351" />
      <Rule active="false" key="php:S5708" />
      <Rule active="false" key="python:S5890" />
      <Rule active="false" key="php:S1109" />
      <Rule active="false" key="typescript:S6353" />
      <Rule active="false" key="python:S5547" />
      <Rule active="false" key="python:S5549" />
      <Rule active="false" key="python:S1066" />
      <Rule active="false" key="kotlin:S1940" />
      <Rule active="false" key="python:S2275" />
      <Rule active="false" key="python:S1186" />
      <Rule active="false" key="python:S5781" />
      <Rule active="false" key="javascript:S6035" />
      <Rule active="false" key="python:S5542" />
      <Rule active="false" key="javascript:S1940" />
      <Rule active="false" key="python:S2159" />
      <Rule active="false" key="php:S4824" />
      <Rule active="false" key="php:S3973" />
      <Rule active="false" key="php:S3972" />
      <Rule active="false" key="python:S5780" />
      <Rule active="false" key="php:S2761" />
      <Rule active="false" key="php:S5911" />
      <Rule active="false" key="python:S5795" />
      <Rule active="false" key="python:S5796" />
      <Rule active="false" key="python:S5797" />
      <Rule active="false" key="python:S5799" />
      <Rule active="false" key="php:S5808" />
      <Rule active="false" key="php:S3984" />
      <Rule active="false" key="php:S4830" />
      <Rule active="false" key="php:S3981" />
      <Rule active="false" key="python:S1192" />
      <Rule active="false" key="php:S1448" />
      <Rule active="false" key="php:S3626" />
    </rules>
  </component>
</application>